{
  "type":"FeatureCollection",
  "features":[
    {
      "type":"Feature",
      "id":1,
      "properties":{
        "station_name":"Maison Communale",
        "station_gml_id":"STA-LU0008A",
        "station_eu_code":"STA-LU0008A",
        "station_municipality":"Steinfort",
        "station_national_code":"360",
        "station_mobile":"FALSE",
        "station_altitude":"9999",
        "station_area_classification":"suburban",
        "station_belongs_to":"LU.AdmEnv_AirBruit.AQ/NET-LU004A",
        "station_time_period_begin":"1971-12-31",
        "station_time_period_end":"NA",
        "station_heavy_duty_fraction":"NA",
        "station_traffic_volume":"NA",
        "station_street_width":"NA",
        "station_traffic_speed":"NA"
      },
      "geometry":{
        "type":"Point",
        "coordinates":[
          5.91473627,
          49.65999985
        ]
      }
    },
    {
      "type":"Feature",
      "id":2,
      "properties":{
        "station_name":"Station de Fond-Bassin Superieur-Vianden",
        "station_gml_id":"STA-LU0018A",
        "station_eu_code":"STA-LU0018A",
        "station_municipality":"Vianden",
        "station_national_code":"VI",
        "station_mobile":"FALSE",
        "station_altitude":"515",
        "station_area_classification":"rural",
        "station_belongs_to":"LU.AdmEnv_AirBruit.AQ/NET-LU001A",
        "station_time_period_begin":"1987-12-31",
        "station_time_period_end":"NA",
        "station_heavy_duty_fraction":"NA",
        "station_traffic_volume":"NA",
        "station_street_width":"NA",
        "station_traffic_speed":"NA"
      },
      "geometry":{
        "type":"Point",
        "coordinates":[
          6.18084717,
          49.94139099
        ]
      }
    },
    {
      "type":"Feature",
      "id":3,
      "properties":{
        "station_name":"Monterey (8A av.-)",
        "station_gml_id":"STA-LU0012A",
        "station_eu_code":"STA-LU0012A",
        "station_municipality":"Luxembourg",
        "station_national_code":"352",
        "station_mobile":"FALSE",
        "station_altitude":"9999",
        "station_area_classification":"urban",
        "station_belongs_to":"LU.AdmEnv_AirBruit.AQ/NET-LU004A",
        "station_time_period_begin":"1971-12-31",
        "station_time_period_end":"NA",
        "station_heavy_duty_fraction":"NA",
        "station_traffic_volume":"NA",
        "station_street_width":"NA",
        "station_traffic_speed":"NA"
      },
      "geometry":{
        "type":"Point",
        "coordinates":[
          6.12806702,
          49.61083221
        ]
      }
    },
    {
      "type":"Feature",
      "id":4,
      "properties":{
        "station_name":"Laboratoire-1A rue A. Lumiere",
        "station_gml_id":"STA-LU0013A",
        "station_eu_code":"STA-LU0013A",
        "station_municipality":"Luxembourg",
        "station_national_code":"353",
        "station_mobile":"FALSE",
        "station_altitude":"9999",
        "station_area_classification":"urban",
        "station_belongs_to":"LU.AdmEnv_AirBruit.AQ/NET-LU004A",
        "station_time_period_begin":"1971-12-31",
        "station_time_period_end":"NA",
        "station_heavy_duty_fraction":"NA",
        "station_traffic_volume":"NA",
        "station_street_width":"NA",
        "station_traffic_speed":"NA"
      },
      "geometry":{
        "type":"Point",
        "coordinates":[
          6.13917208,
          49.60527802
        ]
      }
    },
    {
      "type":"Feature",
      "id":5,
      "properties":{
        "station_name":"Ecole Brill-Rue du Brill",
        "station_gml_id":"STA-LU0001A",
        "station_eu_code":"STA-LU0001A",
        "station_municipality":"Esch-sur-Alzette",
        "station_national_code":"355",
        "station_mobile":"FALSE",
        "station_altitude":"0",
        "station_area_classification":"urban",
        "station_belongs_to":"LU.AdmEnv_AirBruit.AQ/NET-LU004A",
        "station_time_period_begin":"1899-12-31",
        "station_time_period_end":"NA",
        "station_heavy_duty_fraction":"NA",
        "station_traffic_volume":"NA",
        "station_street_width":"NA",
        "station_traffic_speed":"NA"
      },
      "geometry":{
        "type":"Point",
        "coordinates":[
          5.97778893,
          49.49250031
        ]
      }
    },
    {
      "type":"Feature",
      "id":6,
      "properties":{
        "station_name":"Elvange",
        "station_gml_id":"STA-LU0099A",
        "station_eu_code":"STA-LU0099A",
        "station_municipality":"Burmerange",
        "station_national_code":"LUXEL",
        "station_mobile":"FALSE",
        "station_altitude":"303",
        "station_area_classification":"rural-regional",
        "station_belongs_to":"LU.AdmEnv_AirBruit.AQ/NET-LU005A",
        "station_time_period_begin":"1987-12-31",
        "station_time_period_end":"2005-10-12",
        "station_heavy_duty_fraction":"NA",
        "station_traffic_volume":"NA",
        "station_street_width":"NA",
        "station_traffic_speed":"NA"
      },
      "geometry":{
        "type":"Point",
        "coordinates":[
          6.313622,
          49.511389
        ]
      }
    },
    {
      "type":"Feature",
      "id":7,
      "properties":{
        "station_name":"Mont St. Nicolas",
        "station_gml_id":"STA-LU0103A",
        "station_eu_code":"STA-LU0103A",
        "station_municipality":"Vianden",
        "station_national_code":"LUXVI",
        "station_mobile":"FALSE",
        "station_altitude":"515",
        "station_area_classification":"rural-regional",
        "station_belongs_to":"LU.AdmEnv_AirBruit.AQ/NET-LU005A",
        "station_time_period_begin":"1987-12-31",
        "station_time_period_end":"NA",
        "station_heavy_duty_fraction":"NA",
        "station_traffic_volume":"NA",
        "station_street_width":"NA",
        "station_traffic_speed":"NA"
      },
      "geometry":{
        "type":"Point",
        "coordinates":[
          6.17639685,
          49.94388962
        ]
      }
    },
    {
      "type":"Feature",
      "id":8,
      "properties":{
        "station_name":"Luxembourg Centre",
        "station_gml_id":"STA-LU0100A",
        "station_eu_code":"STA-LU0100A",
        "station_municipality":"Luxembourg",
        "station_national_code":"LUXLC",
        "station_mobile":"FALSE",
        "station_altitude":"280",
        "station_area_classification":"urban",
        "station_belongs_to":"LU.AdmEnv_AirBruit.AQ/NET-LU005A",
        "station_time_period_begin":"1987-12-31",
        "station_time_period_end":"2013-12-31",
        "station_heavy_duty_fraction":"0.03",
        "station_traffic_volume":"20000",
        "station_street_width":"NA",
        "station_traffic_speed":"30"
      },
      "geometry":{
        "type":"Point",
        "coordinates":[
          6.126953,
          49.611389
        ]
      }
    },
    {
      "type":"Feature",
      "id":9,
      "properties":{
        "station_name":"Luxembourg Bonnevoie",
        "station_gml_id":"STA-LU0101A",
        "station_eu_code":"STA-LU0101A",
        "station_municipality":"Luxembourg",
        "station_national_code":"LUXLB",
        "station_mobile":"FALSE",
        "station_altitude":"280",
        "station_area_classification":"urban",
        "station_belongs_to":"LU.AdmEnv_AirBruit.AQ/NET-LU005A",
        "station_time_period_begin":"1987-12-31",
        "station_time_period_end":"NA",
        "station_heavy_duty_fraction":"0.05",
        "station_traffic_volume":"20000",
        "station_street_width":"20",
        "station_traffic_speed":"50"
      },
      "geometry":{
        "type":"Point",
        "coordinates":[
          6.138058,
          49.59833
        ]
      }
    },
    {
      "type":"Feature",
      "id":10,
      "properties":{
        "station_name":"Esch/Alzette",
        "station_gml_id":"STA-LU0102A",
        "station_eu_code":"STA-LU0102A",
        "station_municipality":"Esch-sur-Alzette",
        "station_national_code":"LUXES",
        "station_mobile":"FALSE",
        "station_altitude":"292",
        "station_area_classification":"urban",
        "station_belongs_to":"LU.AdmEnv_AirBruit.AQ/NET-LU005A",
        "station_time_period_begin":"1987-12-31",
        "station_time_period_end":"NA",
        "station_heavy_duty_fraction":"NA",
        "station_traffic_volume":"NA",
        "station_street_width":"NA",
        "station_traffic_speed":"NA"
      },
      "geometry":{
        "type":"Point",
        "coordinates":[
          5.97667503,
          49.50527954
        ]
      }
    },
    {
      "type":"Feature",
      "id":11,
      "properties":{
        "station_name":"Beckerich",
        "station_gml_id":"STA-LU0104A",
        "station_eu_code":"STA-LU0104A",
        "station_municipality":"Beckerich",
        "station_national_code":"LUXBK",
        "station_mobile":"FALSE",
        "station_altitude":"295",
        "station_area_classification":"rural-regional",
        "station_belongs_to":"LU.AdmEnv_AirBruit.AQ/NET-LU005A",
        "station_time_period_begin":"2001-12-31",
        "station_time_period_end":"NA",
        "station_heavy_duty_fraction":"NA",
        "station_traffic_volume":"NA",
        "station_street_width":"NA",
        "station_traffic_speed":"NA"
      },
      "geometry":{
        "type":"Point",
        "coordinates":[
          5.84695578,
          49.73194504
        ]
      }
    },
    {
      "type":"Feature",
      "id":12,
      "properties":{
        "station_name":"Beidweiler",
        "station_gml_id":"STA-LU0105A",
        "station_eu_code":"STA-LU0105A",
        "station_municipality":"Junglinster",
        "station_national_code":"LUXBW",
        "station_mobile":"FALSE",
        "station_altitude":"319",
        "station_area_classification":"rural",
        "station_belongs_to":"LU.AdmEnv_AirBruit.AQ/NET-LU005A",
        "station_time_period_begin":"2004-12-31",
        "station_time_period_end":"NA",
        "station_heavy_duty_fraction":"NA",
        "station_traffic_volume":"NA",
        "station_street_width":"NA",
        "station_traffic_speed":"NA"
      },
      "geometry":{
        "type":"Point",
        "coordinates":[
          6.30528069,
          49.72249985
        ]
      }
    },
    {
      "type":"Feature",
      "id":13,
      "properties":{
        "station_name":"Walferdange",
        "station_gml_id":"STA-LU0106A",
        "station_eu_code":"STA-LU0106A",
        "station_municipality":"Walferdange",
        "station_national_code":"LUXWAL",
        "station_mobile":"FALSE",
        "station_altitude":"230",
        "station_area_classification":"suburban",
        "station_belongs_to":"LU.AdmEnv_AirBruit.AQ/NET-LU005A",
        "station_time_period_begin":"2007-05-03",
        "station_time_period_end":"NA",
        "station_heavy_duty_fraction":"NA",
        "station_traffic_volume":"NA",
        "station_street_width":"NA",
        "station_traffic_speed":"NA"
      },
      "geometry":{
        "type":"Point",
        "coordinates":[
          6.12861109,
          49.65777969
        ]
      }
    },
    {
      "type":"Feature",
      "id":14,
      "properties":{
        "station_name":"Schifflange",
        "station_gml_id":"STA-LU0107A",
        "station_eu_code":"STA-LU0107A",
        "station_municipality":"Schifflange",
        "station_national_code":"LUXSCHLG",
        "station_mobile":"FALSE",
        "station_altitude":"293",
        "station_area_classification":"suburban",
        "station_belongs_to":"LU.AdmEnv_AirBruit.AQ/NET-LU005A",
        "station_time_period_begin":"2007-07-19",
        "station_time_period_end":"NA",
        "station_heavy_duty_fraction":"NA",
        "station_traffic_volume":"NA",
        "station_street_width":"NA",
        "station_traffic_speed":"NA"
      },
      "geometry":{
        "type":"Point",
        "coordinates":[
          6,
          49.504167
        ]
      }
    },
    {
      "type":"Feature",
      "id":15,
      "properties":{
        "station_name":"Luxembourg Av. Liberté",
        "station_gml_id":"STA-LU0108A",
        "station_eu_code":"STA-LU0108A",
        "station_municipality":"Luxembourg",
        "station_national_code":"LUXLL",
        "station_mobile":"FALSE",
        "station_altitude":"292",
        "station_area_classification":"urban",
        "station_belongs_to":"LU.AdmEnv_AirBruit.AQ/NET-LU005A",
        "station_time_period_begin":"2012-05-24",
        "station_time_period_end":"NA",
        "station_heavy_duty_fraction":"0.05",
        "station_traffic_volume":"13000",
        "station_street_width":"30",
        "station_traffic_speed":"50"
      },
      "geometry":{
        "type":"Point",
        "coordinates":[
          6.12811,
          49.60686
        ]
      }
    }
  ]
}
