{
  "type":"FeatureCollection",
  "features":[
    {
      "type":"Feature",
      "geometry":{
        "type":"Point",
        "coordinates":[
          102,
          0.5
        ]
      },
      "properties":{
        "prop0":"value0"
      }
    },
    {
      "type":"Feature",
      "geometry":{
        "type":"LineString",
        "coordinates":[
          [
            102,
            0
          ],
          [
            103,
            1
          ],
          [
            104,
            0
          ],
          [
            105,
            1
          ]
        ]
      },
      "properties":{
        "prop0":"value0",
        "prop1":0
      }
    },
    {
      "type":"Feature",
      "properties":{
        "party":"Republican"
      },
      "geometry":{
        "type":"Polygon",
        "coordinates":[
          [
            [
              -104.05,
              48.99
            ],
            [
              -97.22,
              48.98
            ],
            [
              -96.58,
              45.94
            ],
            [
              -104.03,
              45.94
            ],
            [
              -104.05,
              48.99
            ]
          ]
        ]
      }
    },
    {
      "type":"Feature",
      "properties":{
        "party":"Democrat"
      },
      "geometry":{
        "type":"Polygon",
        "coordinates":[
          [
            [
              -109.05,
              41
            ],
            [
              -102.06,
              40.99
            ],
            [
              -102.03,
              36.99
            ],
            [
              -109.04,
              36.99
            ],
            [
              -109.05,
              41
            ]
          ]
        ]
      }
    }
  ]
}